id,x,y,r
18011549,340.6,173.6,0
18011549,340.7,173.7,0
18011549,340.8,173.8,0
18011549,340.9,173.9,0
18011549,341,174,0
18011549,341.1,174.1,0
18011549,341.2,174.2,0
18011549,341.3,174.3,0
18011549,341.4,174.4,0
18011549,341.5,174.5,0
18011549,341.6,174.6,0
18011549,341.7,174.7,0
18011549,341.8,174.8,0
18011549,341.9,174.9,0
18011549,342,175,0
18011549,342.1,175.1,0
18011549,342.2,175.2,0
18011549,342.3,175.3,0
18011549,342.4,175.4,0
18011549,342.5,175.5,0
18011549,342.6,175.6,0
18011549,342.7,175.7,0
18011549,342.8,175.8,0
18011549,342.9,175.9,0
18011549,343,176,0
18011549,343.1,176.1,0
18011549,343.2,176.2,0
18011549,343.3,176.3,0
18011549,343.4,176.4,0
18011549,343.5,176.5,0
18011549,343.6,176.6,0
18011549,343.7,176.7,0
18011549,343.8,176.8,0
18011549,343.9,176.9,0
18011549,344,177,0
18011549,344.1,177.1,0
18011549,344.2,177.2,0
18011549,344.3,177.3,0
18011549,344.4,177.4,0
18011549,344.5,177.5,0
18011549,344.6,177.6,0
18011549,344.7,177.7,0
18011549,344.8,177.8,0
18011549,344.9,177.9,0
18011549,345,178,0
18011549,345.1,178.1,0
18011549,345.2,178.2,0
18011549,345.3,178.3,0
18011549,345.4,178.4,0
18011549,345.5,178.5,0
18011549,345.6,178.6,0
18011549,345.7,178.7,0
18011549,345.8,178.8,0
18011549,345.9,178.9,0
18011549,346,179,0
18011549,346.1,179.1,0
18011549,346.2,179.2,0
18011549,346.3,179.3,0
18011549,346.4,179.4,0
18011549,346.5,179.5,0
18011549,346.6,179.6,0
18011549,346.7,179.7,0
18011549,346.8,179.8,0
18011549,346.9,179.9,0
18011549,347,180,0
18011549,347.1,180.1,0
18011549,347.2,180.2,0
18011549,347.3,180.3,0
18011549,347.4,180.4,0
18011549,347.5,180.5,0
18011549,347.6,180.6,0
18011549,347.7,180.7,0
18011549,347.8,180.8,0
18011549,347.9,180.9,0
18011549,348,181,0
18011549,348.1,181.1,0
18011549,348.2,181.2,0
18011549,348.3,181.3,0
18011549,348.4,181.4,0
18011549,348.5,181.5,0
18011549,348.6,181.6,0
18011549,348.7,181.7,0
18011549,348.8,181.8,0
18011549,348.9,181.9,0
18011549,349,182,0
18011549,349.1,182.1,0
18011549,349.2,182.2,0
18011549,349.3,182.3,0
18011549,349.4,182.4,0
18011549,349.5,182.5,0
18011549,349.6,182.6,0
18011549,349.7,182.7,0
18011549,349.8,182.8,0
18011549,349.9,182.9,0
18011549,350.0,183,0
18011549,350.1,183.1,0
18011549,350.2,183.2,0
18011549,350.3,183.3,0
18011549,350.4,183.4,0
18011549,350.5,183.5,0
18011549,350.6,183.6,0
18011549,350.7,183.7,0
18011549,350.8,183.8,0
18011549,350.9,183.9,0
18011549,351.0,184,0
18011549,351.1,184.1,0
18011549,351.2,184.2,0
18011549,351.3,184.3,0
18011549,351.4,184.4,0
18011549,351.5,184.5,0
18011549,351.6,184.6,0
18011549,351.7,184.7,0
18011549,351.8,184.8,0
18011549,351.9,184.9,0
18011549,352,185,0
18011549,352.1,185.1,0
18011549,352.2,185.2,0
18011549,352.3,185.3,0
18011549,352.4,185.4,0
18011549,352.5,185.5,0
18011549,352.6,185.6,0
18011549,352.7,185.7,0
18011549,352.8,185.8,0
18011549,352.9,185.9,0
18011549,353,186,0
18011549,353.1,186.1,0
18011549,353.2,186.2,0
18011549,353.3,186.3,0
18011549,353.4,186.4,0
18011549,353.5,186.5,0
18011549,353.6,186.6,0
18011549,353.7,186.7,0
18011549,353.8,186.8,0
18011549,353.9,186.9,0
18011549,354.0,187,0
18011549,354.1,187.1,0
18011549,354.2,187.2,0
18011549,354.3,187.3,0
18011549,354.4,187.4,0
18011549,354.5,187.5,0
18011549,354.6,187.6,0
18011549,354.7,187.7,0
18011549,354.8,187.8,0
18011549,354.9,187.9,0
18011549,355.0,188,0
18011549,355.1,188.1,0
18011549,355.2,188.2,0
18011549,355.3,188.3,0
18011549,355.4,188.4,0
18011549,355.5,188.5,0
18011549,355.6,188.6,0
18011549,355.7,188.7,0
18011549,355.8,188.8,0
18011549,355.9,188.9,0
18011549,356,189,0
18011549,356.1,189.1,0
18011549,356.2,189.2,0
18011549,356.3,189.3,0
18011549,356.4,189.4,0
18011549,356.5,189.5,0
18011549,356.6,189.6,0
18011549,356.7,189.7,0
18011549,356.8,189.8,0
18011549,356.9,189.9,0
18011549,357,190,0
18011549,357.1,190.1,0
18011549,357.2,190.2,0
18011549,357.3,190.3,0
18011549,357.4,190.4,0
18011549,357.5,190.5,0
18011549,357.6,190.6,0
18011549,357.7,190.7,0
18011549,357.8,190.8,0
18011549,357.9,190.9,0
18011549,358.0,191,0
18011549,358.1,191.1,0
18011549,358.2,191.2,0
18011549,358.3,191.3,0
18011549,358.4,191.4,0
18011549,358.5,191.5,0
18011549,358.6,191.6,0
18011549,358.7,191.7,0
18011549,358.8,191.8,0
18011549,358.9,191.9,0
18011549,359.0,192,0
18011549,359.1,192.1,0
18011549,359.2,192.2,0
18011549,359.3,192.3,0
18011549,359.4,192.4,0
18011549,359.5,192.5,0
18011549,359.6,192.6,0
18011549,359.7,192.7,0
18011549,359.8,192.8,0
18011549,359.9,192.9,0
18011549,360,193,0
18011549,360.1,193.1,0
18011549,360.2,193.2,0
18011549,360.3,193.3,0
18011549,360.4,193.4,0
18011549,360.5,193.5,0
18011549,360.6,193.6,0
18011549,360.7,193.7,0
18011549,360.8,193.8,0
18011549,360.9,193.9,0
18011549,361,194,0
18011549,361.1,194.1,0
18011549,361.2,194.2,0
18011549,361.3,194.3,0
18011549,361.4,194.4,0
18011549,361.5,194.5,0
18011549,361.6,194.6,0
18011549,361.7,194.7,0
18011549,361.8,194.8,0
18011549,361.9,194.9,0
18011549,362.0,195,0
18011549,362.1,195.1,0
18011549,362.2,195.2,0
18011549,362.3,195.3,0
18011549,362.4,195.4,0
18011549,362.5,195.5,0
18011549,362.6,195.6,0
18011549,362.7,195.7,0
18011549,362.8,195.8,0
18011549,362.9,195.9,0
18011549,363.0,196,0
18011549,363.1,196.1,0
18011549,363.2,196.2,0
18011549,363.3,196.3,0
18011549,363.4,196.4,0
18011549,363.5,196.5,0
18011549,363.6,196.6,0
18011549,363.7,196.7,0
18011549,363.8,196.8,0
18011549,363.9,196.9,0
18011549,364,197,0
18011549,364.1,197.1,0
18011549,364.2,197.2,0
18011549,364.3,197.3,0
18011549,364.4,197.4,0
18011549,364.5,197.5,0
18011549,364.6,197.6,0
18011549,364.7,197.7,0
18011549,364.8,197.8,0
18011549,364.9,197.9,0
18011549,365,198,0
18011549,365.1,198.1,0
18011549,365.2,198.2,0
18011549,365.3,198.3,0
18011549,365.4,198.4,0
18011549,365.5,198.5,0
18011549,365.6,198.6,0
18011549,365.7,198.7,0
18011549,365.8,198.8,0
18011549,365.9,198.9,0
18011549,366,199,0
18011549,366.1,199.1,0
18011549,366.2,199.2,0
18011549,366.3,199.3,0
18011549,366.4,199.4,0
18011549,366.5,199.5,0
18011549,366.6,199.6,0
18011549,366.7,199.7,0
18011549,366.8,199.8,0
18011549,366.9,199.9,0
18011549,367,200,0
18011549,367.1,200.1,0
18011549,367.2,200.2,0
18011549,367.3,200.3,0
18011549,367.4,200.4,0
18011549,367.5,200.5,0
18011549,367.6,200.6,0
18011549,367.7,200.7,0
18011549,367.8,200.8,0
18011549,367.9,200.9,0
18011549,368,201,0
18011549,368.1,201.1,0
18011549,368.2,201.2,0
18011549,368.3,201.3,0
18011549,368.4,201.4,0
18011549,368.5,201.5,0
18011549,368.6,201.6,0
18011549,368.7,201.7,0
18011549,368.8,201.8,0
18011549,368.9,201.9,0
18011549,369,202,0
18011549,369.1,202.1,0
18011549,369.2,202.2,1
18011549,369.3,202.3,1
18011549,369.4,202.4,1
18011549,369.5,202.5,1
18011549,369.6,202.6,1
18011549,369.7,202.7,1
18011549,369.8,202.8,1
18011549,369.9,202.9,1
18011549,370,203,1
18011549,370.1,203.1,1
18011549,370.2,203.2,1
18011549,370.3,203.3,1
18011549,370.4,203.4,1
18011549,370.5,203.5,1
18011549,370.6,203.6,1
18011549,370.7,203.7,1
18011549,370.8,203.8,1
18011549,370.9,203.9,1
18011549,371,204,1
18011549,371.1,204.1,1
18011549,371.2,204.2,1
18011549,371.3,204.3,1
18011549,371.4,204.4,1
18011549,371.5,204.5,1
18011549,371.6,204.6,1
18011549,371.7,204.7,1
18011549,371.8,204.8,1
18011549,371.9,204.9,1
18011549,372,205,1
18011549,372.1,205.1,1
18011549,372.2,205.2,1
18011549,372.3,205.3,1
18011549,372.4,205.4,1
18011549,372.5,205.5,1
18011549,372.6,205.6,1
18011549,372.7,205.7,1
18011549,372.8,205.8,1
18011549,372.9,205.9,1
18011549,373,206,1
18011549,373.1,206.1,1
18011549,373.2,206.2,1
18011549,373.3,206.3,1
18011549,373.4,206.4,1
18011549,373.5,206.5,1
18011549,373.6,206.6,1
18011549,373.7,206.7,1
18011549,373.8,206.8,1
18011549,373.9,206.9,1
18011549,374,207,1
18011549,374.1,207.1,1
18011549,374.2,207.2,1
18011549,374.3,207.3,1
18011549,374.4,207.4,1
18011549,374.5,207.5,1
18011549,374.6,207.6,1
18011549,374.7,207.7,1
18011549,374.8,207.8,1
18011549,374.9,207.9,1
18011549,375,208,1
18011549,375.1,208.1,1
18011549,375.2,208.2,1
18011549,375.3,208.3,1
18011549,375.4,208.4,1
18011549,375.5,208.5,1
18011549,375.6,208.6,1
18011549,375.7,208.7,1
18011549,375.8,208.8,1
18011549,375.9,208.9,1
18011549,376,209,1
18011549,376.1,209.1,1
18011549,376.2,209.2,1
18011549,376.3,209.3,1
18011549,376.4,209.4,1
18011549,376.5,209.5,1
18011549,376.6,209.6,1
18011549,376.7,209.7,1
18011549,376.8,209.8,1
18011549,376.9,209.9,1
18011549,377,210,1
18011549,377.1,210.1,1
18011549,377.2,210.2,1
18011549,377.3,210.3,1
18011549,377.4,210.4,1
18011549,377.5,210.5,1
18011549,377.6,210.6,1
18011549,377.7,210.7,1
18011549,377.8,210.8,1
18011549,377.9,210.9,1
18011549,378,211,1
18011549,378.1,211.1,1
18011549,378.2,211.2,1
18011549,378.3,211.3,1
18011549,378.4,211.4,1
18011549,378.5,211.5,1
18011549,378.6,211.6,1
18011549,378.7,211.7,1
18011549,378.8,211.8,1
18011549,378.9,211.9,1
18011549,379,212,1
18011549,379.1,212.1,1
18011549,379.2,212.2,1
18011549,379.3,212.3,1
18011549,379.4,212.4,1
18011549,379.5,212.5,1
18011549,379.6,212.6,1
18011549,379.7,212.7,1
18011549,379.8,212.8,1
18011549,379.9,212.9,1
18011549,380,213,1
18011549,380.1,213.1,1
18011549,380.2,213.2,1
18011549,380.3,213.3,1
18011549,380.4,213.4,1
18011549,380.5,213.5,1
18011549,380.6,213.6,1
18011549,380.7,213.7,1
18011549,380.8,213.8,1
18011549,380.9,213.9,1
18011549,381,214,1
18011549,381.1,214.1,1
18011549,381.2,214.2,1
18011549,381.3,214.3,1
18011549,381.4,214.4,1
18011549,381.5,214.5,1
18011549,381.6,214.6,1
18011549,381.7,214.7,1
18011549,381.8,214.8,1
18011549,381.9,214.9,1
18011549,382,215,1
18011549,382.1,215.1,1
18011549,382.2,215.2,1
18011549,382.3,215.3,1
18011549,382.4,215.4,1
18011549,382.5,215.5,1
18011549,382.6,215.6,1
18011549,382.7,215.7,1
18011549,382.8,215.8,1
18011549,382.9,215.9,1
18011549,383,216,1
18011549,383.1,216.1,1
18011549,383.2,216.2,1
18011549,383.3,216.3,1
18011549,383.4,216.4,1
18011549,383.5,216.5,1
18011549,383.6,216.6,1
18011549,383.7,216.7,1
18011549,383.8,216.8,1
18011549,383.9,216.9,1
18011549,384,217,1
18011549,384.1,217.1,1
18011549,384.2,217.2,1
18011549,384.3,217.3,1
18011549,384.4,217.4,1
18011549,384.5,217.5,1
18011549,384.6,217.6,1
18011549,384.7,217.7,1
18011549,384.8,217.8,1
18011549,384.9,217.9,1
18011549,385,218,1
18011549,385.1,218.1,1
18011549,385.2,218.2,1
18011549,385.3,218.3,1
18011549,385.4,218.4,1
18011549,385.5,218.5,1
18011549,385.6,218.6,1
18011549,385.7,218.7,1
18011549,385.8,218.8,1
18011549,385.9,218.9,1
18011549,386,219,1
18011549,386.1,219.1,1
18011549,386.2,219.2,1
18011549,386.3,219.3,1
18011549,386.4,219.4,1
18011549,386.5,219.5,1
18011549,386.6,219.6,1
18011549,386.7,219.7,1
18011549,386.8,219.8,1
18011549,386.9,219.9,1
18011549,387,220,1
18011549,387.1,220.1,1
18011549,387.2,220.2,1
18011549,387.3,220.3,1
18011549,387.4,220.4,1
18011549,387.5,220.5,1
18011549,387.6,220.6,1
18011549,387.7,220.7,1
18011549,387.8,220.8,1
18011549,387.9,220.9,1
18011549,388,221,1
18011549,388.1,221.1,1
18011549,388.2,221.2,1
18011549,388.3,221.3,1
18011549,388.4,221.4,1
18011549,388.5,221.5,1
18011549,388.6,221.6,1
18011549,388.7,221.7,1
18011549,388.8,221.8,1
18011549,388.9,221.9,1
18011549,389,222,1
18011549,389.1,222.1,1
18011549,389.2,222.2,1
18011549,389.3,222.3,1
18011549,389.4,222.4,1
18011549,389.5,222.5,1
18011549,389.6,222.6,1
18011549,389.7,222.7,1
18011549,389.8,222.8,1
18011549,389.9,222.9,1
18011549,390,223,1
18011549,390.1,223.1,1
18011549,390.2,223.2,1
18011549,390.3,223.3,1
18011549,390.4,223.4,1
18011549,390.5,223.5,1
18011549,390.6,223.6,1
18011549,390.7,223.7,1
18011549,390.8,223.8,1
18011549,390.9,223.9,1
18011549,391,224,1
18011549,391.1,224.1,1
18011549,391.2,224.2,1
18011549,391.3,224.3,1
18011549,391.4,224.4,1
18011549,391.5,224.5,1
18011549,391.6,224.6,1
18011549,391.7,224.7,1
18011549,391.8,224.8,1
18011549,391.9,224.9,1
18011549,392,225,1
18011549,392.1,225.1,1
18011549,392.2,225.2,1
18011549,392.3,225.3,1
18011549,392.4,225.4,1
18011549,392.5,225.5,1
18011549,392.6,225.6,1
18011549,392.7,225.7,1
18011549,392.8,225.8,1
18011549,392.9,225.9,1
18011549,393,226,1
18011549,393.1,226.1,1
18011549,393.2,226.2,1
18011549,393.3,226.3,1
18011549,393.4,226.4,1
18011549,393.5,226.5,1
18011549,393.6,226.6,1
18011549,393.7,226.7,1
18011549,393.8,226.8,1
18011549,393.9,226.9,1
18011549,394,227,1
18011549,394.1,227.1,1
18011549,394.2,227.2,1
18011549,394.3,227.3,1
18011549,394.4,227.4,1
18011549,394.5,227.5,1
18011549,394.6,227.6,1
18011549,394.7,227.7,1
18011549,394.8,227.8,1
18011549,394.9,227.9,1
18011549,395,228,1
18011549,395.1,228.1,1
18011549,395.2,228.2,1
18011549,395.3,228.3,1
18011549,395.4,228.4,1
18011549,395.5,228.5,1
18011549,395.6,228.6,1
18011549,395.7,228.7,1
18011549,395.8,228.8,1
18011549,395.9,228.9,1
18011549,396,229,1
18011549,396.1,229.1,1
18011549,396.2,229.2,1
18011549,396.3,229.3,1
18011549,396.4,229.4,1
18011549,396.5,229.5,1
18011549,396.6,229.6,1
18011549,396.7,229.7,1
18011549,396.8,229.8,1
18011549,396.9,229.9,1
18011549,397,230,1
18011549,397.1,230.1,1
18011549,397.2,230.2,1
18011549,397.3,230.3,1
18011549,397.4,230.4,1
18011549,397.5,230.5,1
18011549,397.6,230.6,1
18011549,397.7,230.7,1
18011549,397.8,230.8,1
18011549,397.9,230.9,1
18011549,398,231,1
18011549,398.1,231.1,1
18011549,398.2,231.2,1
18011549,398.3,231.3,1
18011549,398.4,231.4,1
18011549,398.5,231.5,1
18011549,398.6,231.6,1
18011549,398.7,231.7,1
18011549,398.8,231.8,1
18011549,398.9,231.9,1
18011549,399,232,1
18011549,399.1,232.1,1
18011549,399.2,232.2,1
18011549,399.3,232.3,1
18011549,399.4,232.4,1
18011549,399.5,232.5,1
18011549,399.6,232.6,1
18011549,399.7,232.7,1
18011549,399.8,232.8,1
18011549,399.9,232.9,1
18011549,400,233,1
18011549,400.1,233.1,1
18011549,400.2,233.2,1
18011549,400.3,233.3,1
18011549,400.4,233.4,1
18011549,400.5,233.5,1
18011549,400.6,233.6,1
18011549,400.7,233.7,1
18011549,400.8,233.8,1
18011549,400.9,233.9,1
18011549,401,234,1
18011549,401.1,234.1,1
18011549,401.2,234.2,1
18011549,401.3,234.3,1
18011549,401.4,234.4,1
18011549,401.5,234.5,1
18011549,401.6,234.6,1
18011549,401.7,234.7,1
18011549,401.8,234.8,1
18011549,401.9,234.9,1
18011549,402,235,1
18011549,402.1,235.1,1
18011549,402.2,235.2,1
18011549,402.3,235.3,1
18011549,402.4,235.4,1
18011549,402.5,235.5,1
18011549,402.6,235.6,1
18011549,402.7,235.7,1
18011549,402.8,235.8,1
18011549,402.9,235.9,1
18011549,403,236,1
18011549,403.1,236.1,1
18011549,403.2,236.2,1
18011549,403.3,236.3,1
18011549,403.4,236.4,1
18011549,403.5,236.5,1
18011549,403.6,236.6,1
18011549,403.7,236.7,1
18011549,403.8,236.8,1
18011549,403.9,236.9,1
18011549,404,237,1
18011549,404.1,237.1,1
18011549,404.2,237.2,1
18011549,404.3,237.3,1
18011549,404.4,237.4,1
18011549,404.5,237.5,1
18011549,404.6,237.6,1
18011549,404.7,237.7,1
18011549,404.8,237.8,1
18011549,404.9,237.9,1
18011549,405,238,1
18011549,405.1,238.1,1
18011549,405.2,238.2,1
18011549,405.3,238.3,1
18011549,405.4,238.4,1
18011549,405.5,238.5,1
18011549,405.6,238.6,1
18011549,405.7,238.7,1
18011549,405.8,238.8,1
18011549,405.9,238.9,1
18011549,406,239,1
18011549,406.1,239.1,1
18011549,406.2,239.2,1
18011549,406.3,239.3,1
18011549,406.4,239.4,1
18011549,406.5,239.5,1
18011549,406.6,239.6,1
18011549,406.7,239.7,1
18011549,406.8,239.8,1
18011549,406.9,239.9,1
18011549,407,240,1
18011549,407.1,240.1,1
18011549,407.2,240.2,1
18011549,407.3,240.3,1
18011549,407.4,240.4,1
18011549,407.5,240.5,1
18011549,407.6,240.6,1
18011549,407.7,240.7,1
18011549,407.8,240.8,1
18011549,407.9,240.9,1
18011549,408,241,1
18011549,408.1,241.1,1
18011549,408.2,241.2,1
18011549,408.3,241.3,1
18011549,408.4,241.4,1
18011549,408.5,241.5,1
18011549,408.6,241.6,1
18011549,408.7,241.7,1
18011549,408.8,241.8,1
18011549,408.9,241.9,1
18011549,409,242,1
18011549,409.1,242.1,1
18011549,409.2,242.2,1
18011549,409.3,242.3,1
18011549,409.4,242.4,1
18011549,409.5,242.5,1
18011549,409.6,242.6,1
18011549,409.7,242.7,1
18011549,409.8,242.8,1
18011549,409.9,242.9,1
18011549,410,243,1
18011549,410.1,243.1,1
18011549,410.2,243.2,1
18011549,410.3,243.3,1
18011549,410.4,243.4,1
18011549,410.5,243.5,1
18011549,410.6,243.6,1
18011549,410.7,243.7,1
18011549,410.8,243.8,1
18011549,410.9,243.9,1
18011549,411,244,1
18011549,411.1,244.1,1
18011549,411.2,244.2,1
18011549,411.3,244.3,1
18011549,411.4,244.4,1
18011549,411.5,244.5,1
18011549,411.6,244.6,1
18011549,411.7,244.7,1
18011549,411.8,244.8,1
18011549,411.9,244.9,1
18011549,412,245,1
18011549,412.1,245.1,1
18011549,412.2,245.2,1
18011549,412.3,245.3,1
18011549,412.4,245.4,1
18011549,412.5,245.5,1
18011549,412.6,245.6,1
18011549,412.7,245.7,1
18011549,412.8,245.8,1
18011549,412.9,245.9,1
18011549,413,246,1
18011549,413.1,246.1,1
18011549,413.2,246.2,1
18011549,413.3,246.3,1
18011549,413.4,246.4,1
18011549,413.5,246.5,1
18011549,413.6,246.6,1
18011549,413.7,246.7,1
18011549,413.8,246.8,1
18011549,413.9,246.9,1
18011549,414,247,1
18011549,414.1,247.1,1
18011549,414.2,247.2,1
18011549,414.3,247.3,1
18011549,414.4,247.4,1
18011549,414.5,247.5,1
18011549,414.6,247.6,1
18011549,414.7,247.7,1
18011549,414.8,247.8,1
18011549,414.9,247.9,1
18011549,415,248,1
18011549,415.1,248.1,1
18011549,415.2,248.2,1
18011549,415.3,248.3,1
18011549,415.4,248.4,1
18011549,415.5,248.5,1
18011549,415.6,248.6,1
18011549,415.7,248.7,1
18011549,415.8,248.8,1
18011549,415.9,248.9,1
18011549,416,249,1
18011549,416.1,249.1,1
18011549,416.2,249.2,1
18011549,416.3,249.3,1
18011549,416.4,249.4,1
18011549,416.5,249.5,1
18011549,416.6,249.6,1
18011549,416.7,249.7,1
18011549,416.8,249.8,1
18011549,416.9,249.9,1
18011549,417,250,1
18011549,417.1,250.1,1
18011549,417.2,250.2,1
18011549,417.3,250.3,1
18011549,417.4,250.4,1
18011549,417.5,250.5,1
18011549,417.6,250.6,1
18011549,417.7,250.7,1
18011549,417.8,250.8,1
18011549,417.9,250.9,1
18011549,418,251,1
18011549,418.1,251.1,1
18011549,418.2,251.2,1
18011549,418.3,251.3,1
18011549,418.4,251.4,1
18011549,418.5,251.5,1
18011549,418.6,251.6,1
18011549,418.7,251.7,1
18011549,418.8,251.8,1
18011549,418.9,251.9,1
18011549,419,252,1
18011549,419.1,252.1,1
18011549,419.2,252.2,1
18011549,419.3,252.3,1
18011549,419.4,252.4,1
18011549,419.5,252.5,1
18011549,419.6,252.6,1
18011549,419.7,252.7,1
18011549,419.8,252.8,1
18011549,419.9,252.9,1
18011549,420,253,1
18011549,420.1,253.1,1
18011549,420.2,253.2,1
18011549,420.3,253.3,1
18011549,420.4,253.4,1
18011549,420.5,253.5,1
18011549,420.6,253.6,1
18011549,420.7,253.7,1
18011549,420.8,253.8,1
18011549,420.9,253.9,1
18011549,421,254,1
18011549,421.1,254.1,1
18011549,421.2,254.2,1
18011549,421.3,254.3,1
18011549,421.4,254.4,1
18011549,421.5,254.5,1
18011549,421.6,254.6,1
18011549,421.7,254.7,1
18011549,421.8,254.8,1
18011549,421.9,254.9,1
18011549,422,255,1
18011549,422.1,255.1,1
18011549,422.2,255.2,1
18011549,422.3,255.3,1
18011549,422.4,255.4,1
18011549,422.5,255.5,1
18011549,422.6,255.6,1
18011549,422.7,255.7,1
18011549,422.8,255.8,1
18011549,422.9,255.9,1
18011549,423,256,1
18011549,423.1,256.1,1
18011549,423.2,256.2,1
18011549,423.3,256.3,1
18011549,423.4,256.4,1
18011549,423.5,256.5,1
18011549,423.6,256.6,1
18011549,423.7,256.7,1
18011549,423.8,256.8,1
18011549,423.9,256.9,1
18011549,424,257,1
18011549,424.1,257.1,1
18011549,424.2,257.2,1
18011549,424.3,257.3,1
18011549,424.4,257.4,1
18011549,424.5,257.5,1
18011549,424.6,257.6,1
18011549,424.7,257.7,1
18011549,424.8,257.8,1
18011549,424.9,257.9,1
18011549,425,258,1
18011549,425.1,258.1,1
18011549,425.2,258.2,1
18011549,425.3,258.3,1
18011549,425.4,258.4,1
18011549,425.5,258.5,1
18011549,425.6,258.6,1
18011549,425.7,258.7,1
18011549,425.8,258.8,1
18011549,425.9,258.9,1
18011549,426,259,1
18011549,426.1,259.1,1
18011549,426.2,259.2,1
18011549,426.3,259.3,1
18011549,426.4,259.4,1
18011549,426.5,259.5,1
18011549,426.6,259.6,1
18011549,426.7,259.7,1
18011549,426.8,259.8,1
18011549,426.9,259.9,1
18011549,427,260,1
18011549,427.1,260.1,1
18011549,427.2,260.2,1
18011549,427.3,260.3,1
18011549,427.4,260.4,1
18011549,427.5,260.5,1
18011549,427.6,260.6,1
18011549,427.7,260.7,1
18011549,427.8,260.8,1
18011549,427.9,260.9,1
18011549,428,261,1
18011549,428.1,261.1,1
18011549,428.2,261.2,1
18011549,428.3,261.3,1
18011549,428.4,261.4,1
18011549,428.5,261.5,1
18011549,428.6,261.6,1
18011549,428.7,261.7,1
18011549,428.8,261.8,1
18011549,428.9,261.9,1
18011549,429,262,1
18011549,429.1,262.1,1
18011549,429.2,262.2,1
18011549,429.3,262.3,1
18011549,429.4,262.4,1
18011549,429.5,262.5,1
18011549,429.6,262.6,1
18011549,429.7,262.7,1
18011549,429.8,262.8,1
18011549,429.9,262.9,1
18011549,430,263,1
18011549,430.1,263.1,1
18011549,430.2,263.2,1
18011549,430.3,263.3,1
18011549,430.4,263.4,1
18011549,430.5,263.5,1
18011549,430.6,263.6,1
18011549,430.7,263.7,1
18011549,430.8,263.8,1
18011549,430.9,263.9,1
18011549,431,264,1
18011549,431.1,264.1,1
18011549,431.2,264.2,1
18011549,431.3,264.3,1
18011549,431.4,264.4,1
18011549,431.5,264.5,1
18011549,431.6,264.6,1
18011549,431.7,264.7,1
18011549,431.8,264.8,1
18011549,431.9,264.9,1
18011549,432,265,1
18011549,432.1,265.1,1
18011549,432.2,265.2,1
18011549,432.3,265.3,1
18011549,432.4,265.4,1
18011549,432.5,265.5,1
18011549,432.6,265.6,1
18011549,432.7,265.7,1
18011549,340.5,173.5,1
18011549,340.4,173.4,1
18011549,340.3,173.3,1
18011549,340.2,173.2,1
18011549,340.1,173.1,1
18011549,340,173,1
18011549,339.9,172.9,1
18011549,339.8,172.8,1
18011549,339.7,172.7,1
18011549,339.6,172.6,1
18011549,339.5,172.5,1
18011549,339.4,172.4,1
18011549,339.3,172.3,1
18011549,339.2,172.2,1
18011549,339.1,172.1,1
18011549,339,172,1
18011549,338.9,171.9,1
18011549,338.8,171.8,1
18011549,338.7,171.7,1
18011549,338.6,171.6,1
18011549,338.5,171.5,1
18011549,338.4,171.4,1
18011549,338.3,171.3,1
18011549,338.2,171.2,1
18011549,338.1,171.1,1
18011549,338,171,1
18011549,337.9,170.9,1
18011549,337.8,170.8,1
18011549,337.7,170.7,1
18011549,337.6,170.6,1
18011549,337.5,170.5,1
18011549,337.4,170.4,1
18011549,337.3,170.3,1
18011549,337.2,170.2,1
18011549,337.1,170.1,1
18011549,337,170,1
18011549,336.9,169.9,1
18011549,336.8,169.8,1
18011549,336.7,169.7,1
18011549,336.6,169.6,1
18011549,336.5,169.5,1
18011549,336.4,169.4,1
18011549,336.3,169.3,1
18011549,336.2,169.2,1
18011549,336.1,169.1,1
18011549,336,169,1
18011549,335.9,168.9,1
18011549,335.8,168.8,1
18011549,335.7,168.7,1
18011549,335.6,168.6,1
18011549,335.5,168.5,1
18011549,335.4,168.4,1
18011549,335.3,168.3,1
18011549,335.2,168.2,1
18011549,335.1,168.1,1
18011549,335,168,1
18011549,334.9,167.9,1
18011549,334.8,167.8,1
18011549,334.7,167.7,1
18011549,334.6,167.6,1
18011549,334.5,167.5,1
18011549,334.4,167.4,1
18011549,334.3,167.3,1
18011549,334.2,167.2,1
18011549,334.1,167.1,1
18011549,334,167,1
18011549,333.9,166.9,1
18011549,333.8,166.8,1
18011549,333.7,166.7,1
18011549,333.6,166.6,1
18011549,333.5,166.5,1
18011549,333.4,166.4,1
18011549,333.3,166.3,1
18011549,333.2,166.2,1
18011549,333.1,166.1,1
18011549,333,166,1
18011549,332.9,165.9,1
18011549,332.8,165.8,1
18011549,332.7,165.7,1
18011549,332.6,165.6,1
18011549,332.5,165.5,1
18011549,332.4,165.4,1
18011549,332.3,165.3,1
18011549,332.2,165.2,1
18011549,332.1,165.1,1
18011549,332,165,1
18011549,331.9,164.9,1
18011549,331.8,164.8,1
18011549,331.7,164.7,1
18011549,331.6,164.6,1
18011549,331.5,164.5,1
18011549,331.4,164.4,1
18011549,331.3,164.3,1
18011549,331.2,164.2,1
18011549,331.1,164.1,1
18011549,331,164,1
18011549,330.9,163.9,1
18011549,330.8,163.8,1
18011549,330.7,163.7,1
18011549,330.6,163.6,1
18011549,330.5,163.5,1
18011549,330.4,163.4,1
18011549,330.3,163.3,1
18011549,330.2,163.2,1
18011549,330.1,163.1,1
18011549,330,163,1
18011549,329.9,162.9,1
18011549,329.8,162.8,1
18011549,329.7,162.7,1
18011549,329.6,162.6,1
18011549,329.5,162.5,1
18011549,329.4,162.4,1
18011549,329.3,162.3,1
18011549,329.2,162.2,1
18011549,329.1,162.1,1
18011549,329,162,1
18011549,328.9,161.9,1
18011549,328.8,161.8,1
18011549,328.7,161.7,1
18011549,328.6,161.6,1
18011549,328.5,161.5,1
18011549,328.4,161.4,1
18011549,328.3,161.3,1
18011549,328.2,161.2,1
18011549,328.1,161.1,1
18011549,328,161,1
18011549,327.9,160.9,1
18011549,327.8,160.8,1
18011549,327.7,160.7,1
18011549,327.6,160.6,1
18011549,327.5,160.5,1
18011549,327.4,160.4,1
18011549,327.3,160.3,1
18011549,327.2,160.2,1
18011549,327.1,160.1,1
18011549,327,160,1
18011549,326.9,159.9,1
18011549,326.8,159.8,1
18011549,326.7,159.7,1
18011549,326.6,159.6,1
18011549,326.5,159.5,1
18011549,326.4,159.4,1
18011549,326.3,159.3,1
18011549,326.2,159.2,1
18011549,326.1,159.1,1
18011549,326,159,1
18011549,325.9,158.9,1
18011549,325.8,158.8,1
18011549,325.7,158.7,1
18011549,325.6,158.6,1
18011549,325.5,158.5,1
18011549,325.4,158.4,1
18011549,325.3,158.3,1
18011549,325.2,158.2,1
18011549,325.1,158.1,1
18011549,325,158,1
18011549,324.9,157.9,1
18011549,324.8,157.8,1
18011549,324.7,157.7,1
18011549,324.6,157.6,1
18011549,324.5,157.5,1
18011549,324.4,157.4,1
18011549,324.3,157.3,1
18011549,324.2,157.2,1
18011549,324.1,157.1,1
18011549,324,157,1
18011549,323.9,156.9,1
18011549,323.8,156.8,1
18011549,323.7,156.7,1
18011549,323.6,156.6,1
18011549,323.5,156.5,1
18011549,323.4,156.4,1
18011549,323.3,156.3,1
18011549,323.2,156.2,1
18011549,323.1,156.1,1
18011549,323,156,1
18011549,322.9,155.9,1
18011549,322.8,155.8,1
18011549,322.7,155.7,1
18011549,322.6,155.6,1
18011549,322.5,155.5,1
18011549,322.4,155.4,1
18011549,322.3,155.3,1
18011549,322.2,155.2,1
18011549,322.1,155.1,1
18011549,322,155,1
18011549,321.9,154.9,1
18011549,321.8,154.8,1
18011549,321.7,154.7,1
18011549,321.6,154.6,1
18011549,321.5,154.5,1
18011549,321.4,154.4,1
18011549,321.3,154.3,1
18011549,321.2,154.2,1
18011549,321.1,154.1,1
18011549,321,154,1
18011549,320.9,153.9,1
18011549,320.8,153.8,1
18011549,320.7,153.7,1
18011549,320.6,153.6,1
18011549,320.5,153.5,1
18011549,320.4,153.4,1
18011549,320.3,153.3,1
18011549,320.2,153.2,1
18011549,320.1,153.1,1
18011549,320,153,1
18011549,319.9,152.9,1
18011549,319.8,152.8,1
18011549,319.7,152.7,1
18011549,319.6,152.6,1
18011549,319.5,152.5,1
18011549,319.4,152.4,1
18011549,319.3,152.3,1
18011549,319.2,152.2,1
18011549,319.1,152.1,1
18011549,319,152,1
18011549,318.9,151.9,1
18011549,318.8,151.8,1
18011549,318.7,151.7,1
18011549,318.6,151.6,1
18011549,318.5,151.5,1
18011549,318.4,151.4,1
18011549,318.3,151.3,1
18011549,318.2,151.2,1
18011549,318.1,151.1,1
18011549,318,151,1
18011549,317.9,150.9,1
18011549,317.8,150.8,1
18011549,317.7,150.7,1
18011549,317.6,150.6,1
18011549,317.5,150.5,1
18011549,317.4,150.4,1
18011549,317.3,150.3,1
18011549,317.2,150.2,1
18011549,317.1,150.1,1
18011549,317,150,1
18011549,316.9,149.9,1
18011549,316.8,149.8,1
18011549,316.7,149.7,1
18011549,316.6,149.6,1
18011549,316.5,149.5,1
18011549,316.4,149.4,1
18011549,316.3,149.3,1
18011549,316.2,149.2,1
18011549,316.1,149.1,1
18011549,316,149,1
18011549,315.9,148.9,1
18011549,315.8,148.8,1
18011549,315.7,148.7,1
18011549,315.6,148.6,1
18011549,315.5,148.5,1
18011549,315.4,148.4,1
18011549,315.3,148.3,1
18011549,315.2,148.2,1
18011549,315.1,148.1,1
18011549,315,148,1
18011549,314.9,147.9,1
18011549,314.8,147.8,1
18011549,314.7,147.7,1
18011549,314.6,147.6,1
18011549,314.5,147.5,1
18011549,314.4,147.4,1
18011549,314.3,147.3,1
18011549,314.2,147.2,1
18011549,314.1,147.1,1
18011549,314,147,1
18011549,313.9,146.9,1
18011549,313.8,146.8,1
18011549,313.7,146.7,1
18011549,313.6,146.6,1
18011549,313.5,146.5,1
18011549,313.4,146.4,1
18011549,313.3,146.3,1
18011549,313.2,146.2,1
18011549,313.1,146.1,1
18011549,313,146,1
18011549,312.9,145.9,1
18011549,312.8,145.8,1
18011549,312.7,145.7,1
18011549,312.6,145.6,1
18011549,312.5,145.5,1
18011549,312.4,145.4,1
18011549,312.3,145.3,1
18011549,312.2,145.2,1
18011549,312.1,145.1,1
18011549,312,145,1
18011549,311.9,144.9,1
18011549,311.8,144.8,1
18011549,311.7,144.7,1
18011549,311.6,144.6,1
18011549,311.5,144.5,1
18011549,311.4,144.4,1
18011549,311.3,144.3,1
18011549,311.2,144.2,1
18011549,311.1,144.1,1
18011549,311,144,1
18011549,310.9,143.9,1
18011549,310.8,143.8,1
18011549,310.7,143.7,1
18011549,310.6,143.6,1
18011549,310.5,143.5,1
18011549,310.4,143.4,1
18011549,310.3,143.3,1
18011549,310.2,143.2,1
18011549,310.1,143.1,1
18011549,310,143,1
18011549,309.9,142.9,1
18011549,309.8,142.8,1
18011549,309.7,142.7,1
18011549,309.6,142.6,1
18011549,309.5,142.5,1
18011549,309.4,142.4,1
18011549,309.3,142.3,1
18011549,309.2,142.2,1
18011549,309.1,142.1,1
18011549,309,142,1
18011549,308.9,141.9,1
18011549,308.8,141.8,1
18011549,308.7,141.7,1
18011549,308.6,141.6,1
18011549,308.5,141.5,1
18011549,308.4,141.4,1
18011549,308.3,141.3,1
18011549,308.2,141.2,1
18011549,308.1,141.1,1
18011549,308,141,1
18011549,307.9,140.9,1
18011549,307.8,140.8,1
18011549,307.7,140.7,1
18011549,307.6,140.6,1
18011549,307.5,140.5,1
18011549,307.4,140.4,1
18011549,307.3,140.3,1
18011549,307.2,140.2,1
18011549,307.1,140.1,1
18011549,307,140,1
18011549,306.9,139.9,1
18011549,306.8,139.8,1
18011549,306.7,139.7,1
18011549,306.6,139.6,1
18011549,306.5,139.5,1
18011549,306.4,139.4,1
18011549,306.3,139.3,1
18011549,306.2,139.2,1
18011549,306.1,139.1,1
18011549,306,139,1
18011549,305.9,138.9,1
18011549,305.8,138.8,1
18011549,305.7,138.7,1
18011549,305.6,138.6,1
18011549,305.5,138.5,1
18011549,305.4,138.4,1
18011549,305.3,138.3,1
18011549,305.2,138.2,1
18011549,305.1,138.1,1
18011549,305,138,1
18011549,304.9,137.9,1
18011549,304.8,137.8,1
18011549,304.7,137.7,1
18011549,304.6,137.6,1
18011549,304.5,137.5,1
18011549,304.4,137.4,1
18011549,304.3,137.3,1
18011549,304.2,137.2,1
18011549,304.1,137.1,1
18011549,304,137,1
18011549,303.9,136.9,1
18011549,303.8,136.8,1
18011549,303.7,136.7,1
18011549,303.6,136.6,1
18011549,303.5,136.5,1
18011549,303.4,136.4,1
18011549,303.3,136.3,1
18011549,303.2,136.2,1
18011549,303.1,136.1,1
18011549,303,136,1
18011549,302.9,135.9,1
18011549,302.8,135.8,1
18011549,302.7,135.7,1
18011549,302.6,135.6,1
18011549,302.5,135.5,1
18011549,302.4,135.4,1
18011549,302.3,135.3,1
18011549,302.2,135.2,1
18011549,302.1,135.1,1
18011549,302,135,1
18011549,301.9,134.9,1
18011549,301.8,134.8,1
18011549,301.7,134.7,1
18011549,301.6,134.6,1
18011549,301.5,134.5,1
18011549,301.4,134.4,1
18011549,301.3,134.3,1
18011549,301.2,134.2,1
18011549,301.1,134.1,1
18011549,301,134,1
18011549,300.9,133.9,1
18011549,300.8,133.8,1
18011549,300.7,133.7,1
18011549,300.6,133.6,1
18011549,300.5,133.5,1
18011549,300.4,133.4,1
18011549,300.3,133.3,1
18011549,300.2,133.2,1
18011549,300.1,133.1,1
18011549,300,133,1
18011549,299.9,132.9,1
18011549,299.8,132.8,1
18011549,299.7,132.7,1
18011549,299.6,132.6,1
18011549,299.5,132.5,1
18011549,299.4,132.4,1
18011549,299.3,132.3,1
18011549,299.2,132.2,1
18011549,299.1,132.1,1
18011549,299,132,1
18011549,298.9,131.9,1
18011549,298.8,131.8,1
18011549,298.7,131.7,1
18011549,298.6,131.6,1
18011549,298.5,131.5,1
18011549,298.4,131.4,1
18011549,298.3,131.3,1
18011549,298.2,131.2,1
18011549,298.1,131.1,1
18011549,298,131,1
18011549,297.9,130.9,1
18011549,297.8,130.8,1
18011549,297.7,130.7,1
18011549,297.6,130.6,1
18011549,297.5,130.5,1
18011549,297.4,130.4,1
18011549,297.3,130.3,1
18011549,297.2,130.2,1
18011549,297.1,130.1,1
18011549,297,130,1
18011549,296.9,129.9,1
18011549,296.8,129.8,1
18011549,296.7,129.7,1
18011549,296.6,129.6,1
18011549,296.5,129.5,1
18011549,296.4,129.4,1
18011549,296.3,129.3,1
18011549,296.2,129.2,1
18011549,296.1,129.1,1
18011549,296,129,1
18011549,295.9,128.9,1
18011549,295.8,128.8,1
18011549,295.7,128.7,1
18011549,295.6,128.6,1
18011549,295.5,128.5,1
18011549,295.4,128.4,1
18011549,295.3,128.3,1
18011549,295.2,128.2,1
18011549,295.1,128.1,1
18011549,295,128,1
18011549,294.9,127.9,1
18011549,294.8,127.8,1
18011549,294.7,127.7,1
18011549,294.6,127.6,1
18011549,294.5,127.5,1
18011549,294.4,127.4,1
18011549,294.3,127.3,1
18011549,294.2,127.2,1
18011549,294.1,127.1,1
18011549,294,127,1
18011549,293.9,126.9,1
18011549,293.8,126.8,1
18011549,293.7,126.7,1
18011549,293.6,126.6,1
18011549,293.5,126.5,1
18011549,293.4,126.4,1
18011549,293.3,126.3,1
18011549,293.2,126.2,1
18011549,293.1,126.1,1
18011549,293,126,1
18011549,292.9,125.9,1
18011549,292.8,125.8,1
18011549,292.7,125.7,1
18011549,292.6,125.6,1
18011549,292.5,125.5,1
18011549,292.4,125.4,1
18011549,292.3,125.3,1
18011549,292.2,125.2,1
18011549,292.1,125.1,1
18011549,292,125,1
18011549,291.9,124.9,1
18011549,291.8,124.8,1
18011549,291.7,124.7,1
18011549,291.6,124.6,1
18011549,291.5,124.5,1
18011549,291.4,124.4,1
18011549,291.3,124.3,1
18011549,291.2,124.2,1
18011549,291.1,124.1,1
18011549,291,124,1
18011549,290.9,123.9,1
18011549,290.8,123.8,1
18011549,290.7,123.7,1
18011549,290.6,123.6,1
18011549,290.5,123.5,1
18011549,290.4,123.4,1
18011549,290.3,123.3,1
18011549,290.2,123.2,1
18011549,290.1,123.1,1
18011549,290,123,1
18011549,289.9,122.9,1
18011549,289.8,122.8,1
18011549,289.7,122.7,1
18011549,289.6,122.6,1
18011549,289.5,122.5,1
18011549,289.4,122.4,1
18011549,289.3,122.3,1
18011549,289.2,122.2,1
18011549,289.1,122.1,1
18011549,289,122,1
18011549,288.9,121.9,1
18011549,288.8,121.8,1
18011549,288.7,121.7,1
18011549,288.6,121.6,1
18011549,288.5,121.5,1
18011549,288.4,121.4,1
18011549,288.3,121.3,1
18011549,288.2,121.2,1
18011549,288.1,121.1,1
18011549,288,121,1
18011549,287.9,120.9,1
18011549,287.8,120.8,1
18011549,287.7,120.7,1
18011549,287.6,120.6,1
18011549,287.5,120.5,1
18011549,287.4,120.4,1
18011549,287.3,120.3,1
18011549,287.2,120.2,1
18011549,287.1,120.1,1
18011549,287,120,1
18011549,286.9,119.9,1
18011549,286.8,119.8,1
18011549,286.7,119.7,1
18011549,286.6,119.6,1
18011549,286.5,119.5,1
18011549,286.4,119.4,1
18011549,286.3,119.3,1
18011549,286.2,119.2,1
18011549,286.1,119.1,1
18011549,286,119,1
18011549,285.9,118.9,1
18011549,285.8,118.8,1
18011549,285.7,118.7,1
18011549,285.6,118.6,1
18011549,285.5,118.5,1
18011549,285.4,118.4,1
18011549,285.3,118.3,1
18011549,285.2,118.2,1
18011549,285.1,118.1,1
18011549,285,118,1
18011549,284.9,117.9,1
18011549,284.8,117.8,1
18011549,284.7,117.7,1
18011549,284.6,117.6,1
18011549,284.5,117.5,1
18011549,284.4,117.4,1
18011549,284.3,117.3,1
18011549,284.2,117.2,1
18011549,284.1,117.1,1
18011549,284,117,1
18011549,283.9,116.9,1
18011549,283.8,116.8,1
18011549,283.7,116.7,1
18011549,283.6,116.6,1
18011549,283.5,116.5,1
18011549,283.4,116.4,1
18011549,283.3,116.3,1
18011549,283.2,116.2,1
18011549,283.1,116.1,1
18011549,283,116,1
18011549,282.9,115.9,1
18011549,282.8,115.8,1
18011549,282.7,115.7,1
18011549,282.6,115.6,1
18011549,282.5,115.5,1
18011549,282.4,115.4,1
18011549,282.3,115.3,1
18011549,282.2,115.2,1
18011549,282.1,115.1,1
18011549,282,115,1
18011549,281.9,114.9,1
18011549,281.8,114.8,1
18011549,281.7,114.7,1
18011549,281.6,114.6,1
18011549,281.5,114.5,1
18011549,281.4,114.4,1
18011549,281.3,114.3,1
18011549,281.2,114.2,1
18011549,281.1,114.1,1
18011549,281,114,1
18011549,280.9,113.9,1
18011549,280.8,113.8,1
18011549,280.7,113.7,1
18011549,280.6,113.6,1
18011549,280.5,113.5,1
18011549,280.4,113.4,1
18011549,280.3,113.3,1
18011549,280.2,113.2,1
18011549,280.1,113.1,1
18011549,280,113,1
18011549,279.9,112.9,1
18011549,279.8,112.8,1
18011549,279.7,112.7,1
18011549,279.6,112.6,1
18011549,279.5,112.5,1
18011549,279.4,112.4,1
18011549,279.3,112.3,1
18011549,279.2,112.2,1
18011549,279.1,112.1,1
18011549,279,112,1
18011549,278.9,111.9,1
18011549,278.8,111.8,1
18011549,278.7,111.7,1
18011549,278.6,111.6,1
18011549,278.5,111.5,1
18011549,278.4,111.4,1
18011549,278.3,111.3,1
18011549,278.2,111.2,1
18011549,278.1,111.1,1
18011549,278,111,1
18011549,277.9,110.9,1
18011549,277.8,110.8,1
18011549,277.7,110.7,1
18011549,277.6,110.6,1
18011549,277.5,110.5,1
18011549,277.4,110.4,1
18011549,277.3,110.3,1
18011549,277.2,110.2,1
18011549,277.1,110.1,1
18011549,277,110,1
18011549,276.9,109.9,1
18011549,276.8,109.8,1
18011549,276.7,109.7,1
18011549,276.6,109.6,1
18011549,276.5,109.5,1
18011549,276.4,109.4,1
18011549,276.3,109.3,1
18011549,276.2,109.2,1
18011549,276.1,109.1,1
18011549,276,109,1
18011549,275.9,108.9,1
18011549,275.8,108.8,1
18011549,275.7,108.7,1
18011549,275.6,108.6,1
18011549,275.5,108.5,1
18011549,275.4,108.4,1
18011549,275.3,108.3,1
18011549,275.2,108.2,1
18011549,275.1,108.1,1
18011549,275,108,1
18011549,274.9,107.9,1
18011549,274.8,107.8,1
18011549,274.7,107.7,1
18011549,274.6,107.6,1
18011549,274.5,107.5,1
18011549,274.4,107.4,1
18011549,274.3,107.3,1
18011549,274.2,107.2,1
18011549,274.1,107.1,1
18011549,274,107,1
18011549,273.9,106.9,1
18011549,273.8,106.8,1
18011549,273.7,106.7,1
18011549,273.6,106.6,1
18011549,273.5,106.5,1
18011549,273.4,106.4,1
18011549,273.3,106.3,1
18011549,273.2,106.2,1
18011549,273.1,106.1,1
18011549,273,106,1
18011549,272.9,105.9,1
18011549,272.8,105.8,1
18011549,272.7,105.7,1
18011549,272.6,105.6,1
18011549,272.5,105.5,1
18011549,272.4,105.4,1
18011549,272.3,105.3,1
18011549,272.2,105.2,1
18011549,272.1,105.1,1
18011549,272,105,1
18011549,271.9,104.9,1
18011549,271.8,104.8,1
18011549,271.7,104.7,1
18011549,271.6,104.6,1
18011549,271.5,104.5,1
18011549,271.4,104.4,1
18011549,271.3,104.3,1
18011549,271.2,104.2,1
18011549,271.1,104.1,1
18011549,271,104,1
18011549,270.9,103.9,1
18011549,270.8,103.8,1
18011549,270.7,103.7,1
18011549,270.6,103.6,1
18011549,270.5,103.5,1
18011549,270.4,103.4,1
18011549,270.3,103.3,1
18011549,270.2,103.2,1
18011549,270.1,103.1,1
18011549,270,103,1
18011549,269.9,102.9,1
18011549,269.8,102.8,1
18011549,269.7,102.7,1
18011549,269.6,102.6,1
18011549,269.5,102.5,1
18011549,269.4,102.4,1
18011549,269.3,102.3,1
18011549,269.2,102.2,1
18011549,269.1,102.1,1
18011549,269,102,1
18011549,268.9,101.9,1
18011549,268.8,101.8,1
18011549,268.7,101.7,1
18011549,268.6,101.6,1
18011549,268.5,101.5,1
18011549,268.4,101.4,1
18011549,268.3,101.3,1
18011549,268.2,101.2,1
18011549,268.1,101.1,1
18011549,268,101,1
18011549,267.9,100.9,1
18011549,267.8,100.8,1
18011549,267.7,100.7,1
18011549,267.6,100.6,1
18011549,267.5,100.5,1
18011549,267.4,100.4,1
18011549,267.3,100.3,1
18011549,267.2,100.2,1
18011549,267.1,100.1,1
18011549,267,100,1
18011549,266.9,99.9,1
18011549,266.8,99.8,1
18011549,266.7,99.7,1
18011549,266.6,99.6,1
18011549,266.5,99.5,1
18011549,266.4,99.4,1
18011549,266.3,99.3,1
18011549,266.2,99.2,1
18011549,266.1,99.1,1
18011549,266,99,1
18011549,265.9,98.9,1
18011549,265.8,98.8,1
18011549,265.7,98.7,1
18011549,265.6,98.6,1
18011549,265.5,98.5,1
18011549,265.4,98.4,1
18011549,265.3,98.3,1
18011549,265.2,98.2,1
18011549,265.1,98.1,1
18011549,265,98,1
18011549,264.9,97.9,1
18011549,264.8,97.8,1
18011549,264.7,97.7,1
18011549,264.6,97.6,1
18011549,264.5,97.5,1
18011549,264.4,97.4,1
18011549,264.3,97.3,1
18011549,264.2,97.2,1
18011549,264.1,97.1,1
18011549,264,97,1
18011549,263.9,96.9,1
18011549,263.8,96.8,1
18011549,263.7,96.7,1
18011549,263.6,96.6,1
18011549,263.5,96.5,1
18011549,263.4,96.4,1
18011549,263.3,96.3,1
18011549,263.2,96.2,1
18011549,263.1,96.1,1
18011549,263,96,1
18011549,262.9,95.9,1
18011549,262.8,95.8,1
18011549,262.7,95.7,1
18011549,262.6,95.6,1
18011549,262.5,95.5,1
18011549,262.4,95.4,1
18011549,262.3,95.3,1
18011549,262.2,95.2,1
18011549,262.1,95.1,1
18011549,262,95,1
18011549,261.9,94.9,1
18011549,261.8,94.8,1
18011549,261.7,94.7,1
18011549,261.6,94.6,1
18011549,261.5,94.5,1
18011549,261.4,94.4,1
18011549,261.3,94.3,1
18011549,261.2,94.2,1
18011549,261.1,94.1,1
18011549,261,94,1
18011549,260.9,93.9,1
18011549,260.8,93.8,1
18011549,260.7,93.7,1
18011549,260.6,93.6,1
18011549,260.5,93.5,1
18011549,260.4,93.4,1
18011549,260.3,93.3,1
18011549,260.2,93.2,1
18011549,260.1,93.1,1
18011549,260,93,1
18011549,259.9,92.9,1
18011549,259.8,92.8,1
18011549,259.7,92.7,1
18011549,259.6,92.6,1
18011549,259.5,92.5,1
18011549,259.4,92.4,1
18011549,259.3,92.3,1
18011549,259.2,92.2,1
18011549,259.1,92.1,1
18011549,259,92,1
18011549,258.9,91.9,1
18011549,258.8,91.8,1
18011549,258.7,91.7,1
18011549,258.6,91.6,1
18011549,258.5,91.5,1
18011549,258.4,91.4,1
18011549,258.3,91.3,1
18011549,258.2,91.2,1
18011549,258.1,91.1,1
18011549,258,91,1
18011549,257.9,90.9,1
18011549,257.8,90.8,1
18011549,257.7,90.7,1
18011549,257.6,90.6,1
18011549,257.5,90.5,1
18011549,257.4,90.4,1
18011549,257.3,90.3,1
18011549,257.2,90.2,1
18011549,257.1,90.1,1
18011549,257,90,1
18011549,256.9,89.9,1
18011549,256.8,89.8,1
18011549,256.7,89.7,1
18011549,256.6,89.6,1
18011549,256.5,89.5,1
18011549,256.4,89.4,1
18011549,256.3,89.3,1
18011549,256.2,89.2,1
18011549,256.1,89.1,1
18011549,256,89,1
18011549,255.9,88.9,1
18011549,255.8,88.8,1
18011549,255.7,88.7,1
18011549,255.6,88.6,1
18011549,255.5,88.5,1
18011549,255.4,88.4,1
18011549,255.3,88.3,1
18011549,255.2,88.2,1
18011549,255.1,88.1,1
18011549,255,88,1
18011549,254.9,87.9,1
18011549,254.8,87.8,1
18011549,254.7,87.7,1
18011549,254.6,87.6,1
18011549,254.5,87.5,1
18011549,254.4,87.4,1
18011549,254.3,87.3,1
18011549,254.2,87.2,1
18011549,254.1,87.1,1
18011549,254,87,1
18011549,253.9,86.9,1
18011549,253.8,86.8,1
18011549,253.7,86.7,1
18011549,253.6,86.6,1
18011549,253.5,86.5,1
18011549,253.4,86.4,1
18011549,253.3,86.3,1
18011549,253.2,86.2,1
18011549,253.1,86.1,1
18011549,253,86,1
18011549,252.9,85.9,1
18011549,252.8,85.8,1
18011549,252.7,85.7,1
18011549,252.6,85.6,1
18011549,252.5,85.5,1
18011549,252.4,85.4,1
18011549,252.3,85.3,1
18011549,252.2,85.2,1
18011549,252.1,85.1,1
18011549,252,85,1
18011549,251.9,84.9,1
18011549,251.8,84.8,1
18011549,251.7,84.7,1
18011549,251.6,84.6,1
18011549,251.5,84.5,1
18011549,251.4,84.4,1
18011549,251.3,84.3,1
18011549,251.2,84.2,1
18011549,251.1,84.1,1
18011549,251,84,1
18011549,250.9,83.9,1
18011549,250.8,83.8,1
18011549,250.7,83.7,1
18011549,250.6,83.6,1
18011549,250.5,83.5,1
18011549,250.4,83.4,1
18011549,250.3,83.3,1
18011549,250.2,83.2,1
18011549,250.1,83.1,1
18011549,250,83,1
18011549,249.9,82.9,1
18011549,249.8,82.8,1
18011549,249.7,82.7,1
18011549,249.6,82.6,1
18011549,249.5,82.5,1
18011549,249.4,82.4,1
18011549,249.3,82.3,1
18011549,249.2,82.2,1
18011549,249.1,82.1,1
18011549,249,82,1
18011549,248.9,81.9,1
18011549,248.8,81.8,1
18011549,248.7,81.7,1
18011549,248.6,81.6,1
18011549,248.5,81.5,1
18011549,248.4,81.4,1
18011549,248.3,81.3,1
18011549,248.2,81.2,1
18011549,248.1,81.1,1
18011549,248,81,1
18011549,247.9,80.9,1
18011549,247.8,80.8,1
18011549,247.7,80.7,1
18011549,247.6,80.6,1
18011549,247.5,80.5,1
18011549,247.4,80.4,1
18011549,247.3,80.3,1
18011549,247.2,80.2,1
18011549,247.1,80.1,1
18011549,247,80,1
18011549,246.9,79.9,1
18011549,246.8,79.8,1
18011549,246.7,79.7,1
18011549,246.6,79.6,1
18011549,246.5,79.5,1
18011549,246.4,79.4,1
18011549,246.3,79.3,1
18011549,246.2,79.2,1
18011549,246.1,79.1,1
18011549,246,79,1
18011549,245.9,78.9,1
18011549,245.8,78.8,1
18011549,245.7,78.7,1
18011549,245.6,78.6,1
18011549,245.5,78.5,1
18011549,245.4,78.4,1
18011549,245.3,78.3,1
18011549,245.2,78.2,1
18011549,245.1,78.1,1
18011549,245,78,1
18011549,244.9,77.9,1
18011549,244.8,77.8,1
18011549,244.7,77.7,1
18011549,244.6,77.6,1
18011549,244.5,77.5,1
18011549,244.4,77.4,1
18011549,244.3,77.3,1
18011549,244.2,77.2,1
18011549,244.1,77.1,1
18011549,244,77,1
18011549,243.9,76.9,1
18011549,243.8,76.8,1
18011549,243.7,76.7,1
18011549,243.6,76.6,1
18011549,243.5,76.5,1
18011549,243.4,76.4,1
18011549,243.3,76.3,1
18011549,243.2,76.2,1
18011549,243.1,76.1,1
18011549,243,76,1
18011549,242.9,75.9,1
18011549,242.8,75.8,1
18011549,242.7,75.7,1
18011549,242.6,75.6,1
18011549,242.5,75.5,1
18011549,242.4,75.4,1
18011549,242.3,75.3,1
18011549,242.2,75.2,1
18011549,242.1,75.1,1
18011549,242,75,1
18011549,241.9,74.9,1
18011549,241.8,74.8,1
18011549,241.7,74.7,1
18011549,241.6,74.6,1
18011549,241.5,74.5,1
18011549,241.4,74.4,1
18011549,241.3,74.3,1
18011549,241.2,74.2,1
18011549,241.1,74.1,1
18011549,241,74,1
18011549,240.9,73.9,1
18011549,240.8,73.8,1
18011549,240.7,73.7,1
18011549,240.6,73.6,1
18011549,240.5,73.5,1
18011549,240.4,73.4,1
18011549,240.3,73.3,1
18011549,240.2,73.2,1
18011549,240.1,73.1,1
18011549,240,73,1
18011549,239.9,72.9,1
18011549,239.8,72.8,1
18011549,239.7,72.7,1
18011549,239.6,72.6,1
18011549,239.5,72.5,1
18011549,239.4,72.4,1
18011549,239.3,72.3,1
18011549,239.2,72.2,1
18011549,239.1,72.1,1
18011549,239,72,1
18011549,238.9,71.9,1
18011549,238.8,71.8,1
18011549,238.7,71.7,1
18011549,238.6,71.6,1
18011549,238.5,71.5,1
18011549,238.4,71.4,1
18011549,238.3,71.3,1
18011549,238.2,71.2,1
18011549,238.1,71.1,1
18011549,238,71,1
18011549,237.9,70.9,1
18011549,237.8,70.8,1
18011549,237.7,70.7,1
18011549,237.6,70.6,1
18011549,237.5,70.5,1
18011549,237.4,70.4,1
18011549,237.3,70.3,1
18011549,237.2,70.2,1
18011549,237.1,70.1,1
18011549,237,70,1
18011549,236.9,69.9,1
18011549,236.8,69.8,1
18011549,236.7,69.7,1
18011549,236.6,69.6,1
18011549,236.5,69.5,1
18011549,236.4,69.4,1
18011549,236.3,69.3,1
18011549,236.2,69.2,1
18011549,236.1,69.1,1
18011549,236,69,1
18011549,235.9,68.9,1
18011549,235.8,68.8,1
18011549,235.7,68.7,1
18011549,235.6,68.6,1
18011549,235.5,68.5,1
18011549,235.4,68.4,1
18011549,235.3,68.3,1
18011549,235.2,68.2,1
18011549,235.1,68.1,1
18011549,235,68,1
18011549,234.9,67.9,1
18011549,234.8,67.8,1
18011549,234.7,67.7,1